{
  "Thin Strokes" : 2,
  "Working Directory" : "\/Users\/witekbobrowski",
  "Prompt Before Closing 2" : false,
  "Selected Text Color" : {
    "Red Component" : 0.15686274509803921,
    "Color Space" : "sRGB",
    "Blue Component" : 0.20392156862745098,
    "Green Component" : 0.17254901960784313
  },
  "Rows" : 25,
  "Ansi 11 Color" : {
    "Red Component" : 0.81960784313725488,
    "Color Space" : "sRGB",
    "Blue Component" : 0.40000000000000002,
    "Green Component" : 0.60392156862745094
  },
  "Use Italic Font" : true,
  "Foreground Color" : {
    "Red Component" : 0.6705882352941176,
    "Color Space" : "sRGB",
    "Blue Component" : 0.74901960784313726,
    "Green Component" : 0.69803921568627447
  },
  "Right Option Key Sends" : 0,
  "Character Encoding" : 4,
  "Selection Color" : {
    "Red Component" : 0.6705882352941176,
    "Color Space" : "sRGB",
    "Blue Component" : 0.74901960784313726,
    "Green Component" : 0.69803921568627447
  },
  "Blend" : 0.1936560997596154,
  "Show Mark Indicators" : true,
  "Mouse Reporting" : true,
  "Cursor Boost" : 0,
  "Ansi 4 Color" : {
    "Red Component" : 0.38039215686274508,
    "Color Space" : "sRGB",
    "Blue Component" : 0.93725490196078431,
    "Green Component" : 0.68627450980392157
  },
  "Non-ASCII Anti Aliased" : true,
  "Description" : "Default",
  "Disable Window Resizing" : true,
  "Sync Title" : false,
  "Close Sessions On End" : true,
  "Jobs to Ignore" : [
    "rlogin",
    "ssh",
    "slogin",
    "telnet"
  ],
  "Scrollback Lines" : 1000,
  "Scrollback in Alternate Screen" : true,
  "Hide After Opening" : false,
  "Flashing Bell" : false,
  "Cursor Guide Color" : {
    "Red Component" : 0.70213186740875244,
    "Color Space" : "sRGB",
    "Blue Component" : 1,
    "Alpha Component" : 0.25,
    "Green Component" : 0.9268307089805603
  },
  "BM Growl" : true,
  "Ansi 3 Color" : {
    "Red Component" : 0.89803921568627454,
    "Color Space" : "sRGB",
    "Blue Component" : 0.4823529411764706,
    "Green Component" : 0.75294117647058822
  },
  "Use Non-ASCII Font" : true,
  "Link Color" : {
    "Red Component" : 0,
    "Color Space" : "sRGB",
    "Blue Component" : 0.73423302173614502,
    "Alpha Component" : 1,
    "Green Component" : 0.35916060209274292
  },
  "Shortcut" : "",
  "Bold Color" : {
    "Red Component" : 0.6705882352941176,
    "Color Space" : "sRGB",
    "Blue Component" : 0.74901960784313726,
    "Green Component" : 0.69803921568627447
  },
  "Use Cursor Guide" : false,
  "Unlimited Scrollback" : true,
  "Custom Command" : "No",
  "Keyboard Map" : {
    "0xf700-0x260000" : {
      "Text" : "[1;6A",
      "Action" : 10
    },
    "0x37-0x40000" : {
      "Text" : "0x1f",
      "Action" : 11
    },
    "0x32-0x40000" : {
      "Text" : "0x00",
      "Action" : 11
    },
    "0xf709-0x20000" : {
      "Text" : "[17;2~",
      "Action" : 10
    },
    "0xf70c-0x20000" : {
      "Text" : "[20;2~",
      "Action" : 10
    },
    "0xf729-0x20000" : {
      "Text" : "[1;2H",
      "Action" : 10
    },
    "0xf72b-0x40000" : {
      "Text" : "[1;5F",
      "Action" : 10
    },
    "0xf705-0x20000" : {
      "Text" : "[1;2Q",
      "Action" : 10
    },
    "0xf703-0x260000" : {
      "Text" : "[1;6C",
      "Action" : 10
    },
    "0xf700-0x220000" : {
      "Text" : "[1;2A",
      "Action" : 10
    },
    "0xf701-0x280000" : {
      "Text" : "0x1b 0x1b 0x5b 0x42",
      "Action" : 11
    },
    "0x38-0x40000" : {
      "Text" : "0x7f",
      "Action" : 11
    },
    "0x33-0x40000" : {
      "Text" : "0x1b",
      "Action" : 11
    },
    "0xf703-0x220000" : {
      "Text" : "[1;2C",
      "Action" : 10
    },
    "0xf701-0x240000" : {
      "Text" : "[1;5B",
      "Action" : 10
    },
    "0xf70d-0x20000" : {
      "Text" : "[21;2~",
      "Action" : 10
    },
    "0xf702-0x260000" : {
      "Text" : "[1;6D",
      "Action" : 10
    },
    "0xf729-0x40000" : {
      "Text" : "[1;5H",
      "Action" : 10
    },
    "0xf706-0x20000" : {
      "Text" : "[1;2R",
      "Action" : 10
    },
    "0x34-0x40000" : {
      "Text" : "0x1c",
      "Action" : 11
    },
    "0xf700-0x280000" : {
      "Text" : "0x1b 0x1b 0x5b 0x41",
      "Action" : 11
    },
    "0x2d-0x40000" : {
      "Text" : "0x1f",
      "Action" : 11
    },
    "0xf70e-0x20000" : {
      "Text" : "[23;2~",
      "Action" : 10
    },
    "0xf702-0x220000" : {
      "Text" : "[1;2D",
      "Action" : 10
    },
    "0xf703-0x280000" : {
      "Text" : "0x1b 0x1b 0x5b 0x43",
      "Action" : 11
    },
    "0xf700-0x240000" : {
      "Text" : "[1;5A",
      "Action" : 10
    },
    "0xf707-0x20000" : {
      "Text" : "[1;2S",
      "Action" : 10
    },
    "0xf70a-0x20000" : {
      "Text" : "[18;2~",
      "Action" : 10
    },
    "0x35-0x40000" : {
      "Text" : "0x1d",
      "Action" : 11
    },
    "0xf70f-0x20000" : {
      "Text" : "[24;2~",
      "Action" : 10
    },
    "0xf703-0x240000" : {
      "Text" : "[1;5C",
      "Action" : 10
    },
    "0xf701-0x260000" : {
      "Text" : "[1;6B",
      "Action" : 10
    },
    "0xf702-0x280000" : {
      "Text" : "0x1b 0x1b 0x5b 0x44",
      "Action" : 11
    },
    "0xf72b-0x20000" : {
      "Text" : "[1;2F",
      "Action" : 10
    },
    "0x36-0x40000" : {
      "Text" : "0x1e",
      "Action" : 11
    },
    "0xf708-0x20000" : {
      "Text" : "[15;2~",
      "Action" : 10
    },
    "0xf701-0x220000" : {
      "Text" : "[1;2B",
      "Action" : 10
    },
    "0xf70b-0x20000" : {
      "Text" : "[19;2~",
      "Action" : 10
    },
    "0xf702-0x240000" : {
      "Text" : "[1;5D",
      "Action" : 10
    },
    "0xf704-0x20000" : {
      "Text" : "[1;2P",
      "Action" : 10
    }
  },
  "Ansi 14 Color" : {
    "Red Component" : 0.33725490196078434,
    "Color Space" : "sRGB",
    "Blue Component" : 0.76078431372549016,
    "Green Component" : 0.71372549019607845
  },
  "Ansi 2 Color" : {
    "Red Component" : 0.59607843137254901,
    "Color Space" : "sRGB",
    "Blue Component" : 0.47450980392156861,
    "Green Component" : 0.76470588235294112
  },
  "Background Image Is Tiled" : false,
  "Send Code When Idle" : false,
  "ASCII Anti Aliased" : true,
  "Tags" : [

  ],
  "Ansi 9 Color" : {
    "Red Component" : 0.74509803921568629,
    "Color Space" : "sRGB",
    "Blue Component" : 0.27450980392156865,
    "Green Component" : 0.31372549019607843
  },
  "Use Bold Font" : true,
  "Silence Bell" : false,
  "Ansi 12 Color" : {
    "Red Component" : 0.38039215686274508,
    "Color Space" : "sRGB",
    "Blue Component" : 0.93725490196078431,
    "Green Component" : 0.68627450980392157
  },
  "Window Type" : 0,
  "Use Bright Bold" : true,
  "Cursor Text Color" : {
    "Red Component" : 0.15686274509803921,
    "Color Space" : "sRGB",
    "Blue Component" : 0.20392156862745098,
    "Green Component" : 0.17254901960784313
  },
  "Default Bookmark" : "No",
  "Cursor Color" : {
    "Red Component" : 0.6705882352941176,
    "Color Space" : "sRGB",
    "Blue Component" : 0.74901960784313726,
    "Green Component" : 0.69803921568627447
  },
  "Ansi 1 Color" : {
    "Red Component" : 0.8784313725490196,
    "Color Space" : "sRGB",
    "Blue Component" : 0.45882352941176469,
    "Green Component" : 0.42352941176470588
  },
  "Name" : "",
  "Blinking Cursor" : true,
  "Guid" : "43FCCD73-0651-4F46-A99C-86E4092096FE",
  "Idle Code" : 0,
  "Ansi 10 Color" : {
    "Red Component" : 0.59607843137254901,
    "Color Space" : "sRGB",
    "Blue Component" : 0.47450980392156861,
    "Green Component" : 0.76470588235294112
  },
  "Ansi 8 Color" : {
    "Red Component" : 0.24313725490196078,
    "Color Space" : "sRGB",
    "Blue Component" : 0.32156862745098042,
    "Green Component" : 0.26666666666666666
  },
  "Badge Color" : {
    "Red Component" : 1,
    "Color Space" : "sRGB",
    "Blue Component" : 0,
    "Alpha Component" : 0.5,
    "Green Component" : 0.1491314172744751
  },
  "Smart Cursor Color" : false,
  "Semantic History" : {
    "text" : "",
    "action" : "best editor",